[{"jid":"6285717337679@s.whatsapp.net","xp":1000329366,"level":104},{"jid":"6281336805974@s.whatsapp.net","xp":276004,"level":8},{"jid":"6281278078019@s.whatsapp.net","xp":177015,"level":7},{"jid":"6282176636289@s.whatsapp.net","xp":163915,"level":7},{"jid":"6281381512472@s.whatsapp.net","xp":134153,"level":7},{"jid":"6281388920329@s.whatsapp.net","xp":109985,"level":6},{"jid":"6285713790797@s.whatsapp.net","xp":92809,"level":6},{"jid":"6283867306766@s.whatsapp.net","xp":75678,"level":6},{"jid":"6282261640747@s.whatsapp.net","xp":58029,"level":5},{"jid":"6288802734651@s.whatsapp.net","xp":56990,"level":5},{"jid":"6289516183454@s.whatsapp.net","xp":49913,"level":5},{"jid":"6282137596294@s.whatsapp.net","xp":47917,"level":5},{"jid":"6285731703595@s.whatsapp.net","xp":48416,"level":5},{"jid":"628812939855@s.whatsapp.net","xp":39856,"level":5},{"jid":"14072161322@s.whatsapp.net","xp":39353,"level":5},{"jid":"6289503133675@s.whatsapp.net","xp":37859,"level":5},{"jid":"6285747912624@s.whatsapp.net","xp":34263,"level":5},{"jid":"6288228969041@s.whatsapp.net","xp":35334,"level":5},{"jid":"6285709236137@s.whatsapp.net","xp":32296,"level":5},{"jid":"6289677565489@s.whatsapp.net","xp":30731,"level":5},{"jid":"628884642598@s.whatsapp.net","xp":30267,"level":5},{"jid":"6281918637568@s.whatsapp.net","xp":27277,"level":4},{"jid":"628977715836@s.whatsapp.net","xp":34818,"level":5},{"jid":"6281546284923@s.whatsapp.net","xp":24702,"level":4},{"jid":"6285261963154@s.whatsapp.net","xp":23692,"level":4},{"jid":"6285607289336@s.whatsapp.net","xp":21691,"level":4},{"jid":"6282398477909@s.whatsapp.net","xp":20656,"level":4},{"jid":"6285221200124@s.whatsapp.net","xp":17667,"level":4},{"jid":"6281229551094@s.whatsapp.net","xp":17158,"level":4},{"jid":"628885990097@s.whatsapp.net","xp":17152,"level":4},{"jid":"6281214914456@s.whatsapp.net","xp":16627,"level":4},{"jid":"62895332107122@s.whatsapp.net","xp":16124,"level":4},{"jid":"6285257160925@s.whatsapp.net","xp":13134,"level":3},{"jid":"6281264272931@s.whatsapp.net","xp":16656,"level":4},{"jid":"6285260486287@s.whatsapp.net","xp":13119,"level":3},{"jid":"6281224324394@s.whatsapp.net","xp":11644,"level":3},{"jid":"6281335883878@s.whatsapp.net","xp":11595,"level":3},{"jid":"6289691719315@s.whatsapp.net","xp":8588,"level":3},{"jid":"6285731983916@s.whatsapp.net","xp":8581,"level":3},{"jid":"6285755114608@s.whatsapp.net","xp":8558,"level":3},{"jid":"6281356561138@s.whatsapp.net","xp":8070,"level":3},{"jid":"6281230614600@s.whatsapp.net","xp":7572,"level":3},{"jid":"6282190181930@s.whatsapp.net","xp":7077,"level":3},{"jid":"6289662518213@s.whatsapp.net","xp":7072,"level":3},{"jid":"6289603294598@s.whatsapp.net","xp":7069,"level":3},{"jid":"6285332377112@s.whatsapp.net","xp":6544,"level":3},{"jid":"6283153401496@s.whatsapp.net","xp":5537,"level":2},{"jid":"628978502985@s.whatsapp.net","xp":5052,"level":2},{"jid":"6289638814529@s.whatsapp.net","xp":5046,"level":2},{"jid":"6289630906827@s.whatsapp.net","xp":4037,"level":2},{"jid":"6288801861092@s.whatsapp.net","xp":4035,"level":2},{"jid":"6287869570849@s.whatsapp.net","xp":3530,"level":2},{"jid":"6289678210608@s.whatsapp.net","xp":3528,"level":2},{"jid":"6287801377973@s.whatsapp.net","xp":3522,"level":2},{"jid":"6285875168997@s.whatsapp.net","xp":3522,"level":2},{"jid":"6281314329649@s.whatsapp.net","xp":3036,"level":2},{"jid":"6282179141328@s.whatsapp.net","xp":3031,"level":2},{"jid":"6282273496026@s.whatsapp.net","xp":3028,"level":2},{"jid":"6283189903404@s.whatsapp.net","xp":3521,"level":2},{"jid":"6281214918377@s.whatsapp.net","xp":2532,"level":2},{"jid":"6285756655896@s.whatsapp.net","xp":3536,"level":2},{"jid":"6289666251685@s.whatsapp.net","xp":2525,"level":2},{"jid":"6282341370456@s.whatsapp.net","xp":2519,"level":2},{"jid":"6288293386816@s.whatsapp.net","xp":1512,"level":1},{"jid":"6282137543836@s.whatsapp.net","xp":1509,"level":1},{"jid":"6283135863592@s.whatsapp.net","xp":1017,"level":1},{"jid":"6281397143088@s.whatsapp.net","xp":1014,"level":1},{"jid":"6287880538650@s.whatsapp.net","xp":1014,"level":1},{"jid":"6281911750466@s.whatsapp.net","xp":1011,"level":1},{"jid":"6285839001290@s.whatsapp.net","xp":1011,"level":1},{"jid":"6285736528092@s.whatsapp.net","xp":1011,"level":1},{"jid":"6283852845319@s.whatsapp.net","xp":1009,"level":1},{"jid":"6288210769956@s.whatsapp.net","xp":1008,"level":1},{"jid":"6289530576291@s.whatsapp.net","xp":509,"level":1},{"jid":"6282382881090@s.whatsapp.net","xp":508,"level":1},{"jid":"6282331658302@s.whatsapp.net","xp":507,"level":1},{"jid":"6285274003922@s.whatsapp.net","xp":507,"level":1},{"jid":"6289525965889@s.whatsapp.net","xp":506,"level":1},{"jid":"6287847585250@s.whatsapp.net","xp":503,"level":1},{"jid":"6283870316184@s.whatsapp.net","xp":502,"level":1},{"jid":"6288214891024@s.whatsapp.net","xp":4539,"level":2},{"jid":"6282296619050@s.whatsapp.net","xp":2124,"level":1},{"jid":"6285213220162@s.whatsapp.net","xp":1611,"level":1},{"jid":"6285707034792@s.whatsapp.net","xp":1616,"level":1}]