[{"id":"6285717337679@s.whatsapp.net","name":"baga","age":"5","time":"16/02 18:46:49","serial":"4406784118b749127784"},{"id":"6281336805974@s.whatsapp.net","name":"Andr","age":"5","time":"16/02 18:46:57","serial":"5b2d3d843777a38130ea"},{"id":"628977715836@s.whatsapp.net","name":"Albed","age":"9","time":"16/02 18:47:10","serial":"acd64fd287d03537af2b"},{"id":"6282296619050@s.whatsapp.net","name":"ciji","age":"18thn","time":"16/02 18:50:21","serial":"4d5e1fa2077b78d23253"},{"id":"6283867306766@s.whatsapp.net","name":"bagong","age":"15","time":"16/02 18:58:47","serial":"50389489dc912401a66d"},{"id":"6285213220162@s.whatsapp.net","name":"ahmad","age":"25","time":"16/02 19:12:32","serial":"ef533daba5cfda0b348a"},{"id":"6285707034792@s.whatsapp.net","name":"ricky","age":"23","time":"16/02 19:13:06","serial":"f512367edbf1ff65bd4c"},{"id":"6288228969041@s.whatsapp.net","name":"jshekxhwnkwdu","age":"5","time":"16/02 19:42:26","serial":"ff67ceb2260d7c6b4c0f"}]